mesa,acta_url,partidos,votos_blanco,votos_nulos,votos_total,votos_invalidos,observaciones,departamento,municipio,centro,tipo
15492,,"{'UNE': 60, 'AZUL': 7, 'VALOR UNIONISTA': 3, 'CABAL': 12, 'TODOS': 9, 'VAMOS': 27, 'PHG': 5, 'PR': 1, 'PIN': 0, 'ELEFANTE': 3, 'VICTORIA': 3, 'SEMILLA': 12, 'FCN-NACION': 2, 'PPN': 4, 'UR': 2, 'URNG-MAIZ WINAQ': 15, 'CREO': 2, 'BIEN': 22, 'VIVA': 14, 'MI FAMILIA': 0, 'CAMBIO': 1, 'VOS': 2}",28,60,294,0,Algún campo sin dato,13.Huehuetenango,9.Ixtahuacán,2254,presidente
15493,,"{'UNE': 64, 'AZUL': 3, 'VALOR UNIONISTA': 8, 'CABAL': 16, 'TODOS': 11, 'VAMOS': 21, 'PHG': 4, 'PR': 0, 'PIN': 0, 'ELEFANTE': 0, 'VICTORIA': 3, 'SEMILLA': 13, 'FCN-NACION': 0, 'PPN': 6, 'UR': 4, 'URNG-MAIZ WINAQ': 19, 'CREO': 1, 'BIEN': 24, 'VIVA': 15, 'MI FAMILIA': 0, 'CAMBIO': 0, 'VOS': 3}",30,82,327,0,Algún campo sin dato,13.Huehuetenango,9.Ixtahuacán,2254,presidente
15494,,"{'UNE': 49, 'AZUL': 2, 'VALOR UNIONISTA': 2, 'CABAL': 15, 'TODOS': 6, 'VAMOS': 11, 'PHG': 4, 'PR': 2, 'PIN': 2, 'ELEFANTE': 0, 'VICTORIA': 4, 'SEMILLA': 13, 'FCN-NACION': 3, 'PPN': 1, 'UR': 1, 'URNG-MAIZ WINAQ': 23, 'CREO': 3, 'BIEN': 25, 'VIVA': 10, 'MI FAMILIA': 2, 'CAMBIO': 0, 'VOS': 4}",24,65,271,0,Algún campo sin dato,13.Huehuetenango,9.Ixtahuacán,2254,presidente
15495,,"{'UNE': 61, 'AZUL': 5, 'VALOR UNIONISTA': 5, 'CABAL': 8, 'TODOS': 6, 'VAMOS': 16, 'PHG': 2, 'PR': 3, 'PIN': 0, 'ELEFANTE': 0, 'VICTORIA': 4, 'SEMILLA': 11, 'FCN-NACION': 1, 'PPN': 4, 'UR': 0, 'URNG-MAIZ WINAQ': 12, 'CREO': 0, 'BIEN': 29, 'VIVA': 14, 'MI FAMILIA': 5, 'CAMBIO': 0, 'VOS': 7}",27,66,286,0,Algún campo sin dato,13.Huehuetenango,9.Ixtahuacán,2254,presidente
15496,,"{'UNE': 59, 'AZUL': 1, 'VALOR UNIONISTA': 3, 'CABAL': 14, 'TODOS': 8, 'VAMOS': 24, 'PHG': 6, 'PR': 1, 'PIN': 0, 'ELEFANTE': 3, 'VICTORIA': 1, 'SEMILLA': 16, 'FCN-NACION': 1, 'PPN': 2, 'UR': 3, 'URNG-MAIZ WINAQ': 21, 'CREO': 0, 'BIEN': 25, 'VIVA': 22, 'MI FAMILIA': 1, 'CAMBIO': 0, 'VOS': 8}",19,51,289,0,Sumas Asentadas sin cuadrar,13.Huehuetenango,9.Ixtahuacán,2254,presidente
15497,,"{'UNE': 36, 'AZUL': 3, 'VALOR UNIONISTA': 3, 'CABAL': 16, 'TODOS': 5, 'VAMOS': 23, 'PHG': 5, 'PR': 2, 'PIN': 0, 'ELEFANTE': 0, 'VICTORIA': 4, 'SEMILLA': 12, 'FCN-NACION': 2, 'PPN': 3, 'UR': 0, 'URNG-MAIZ WINAQ': 17, 'CREO': 1, 'BIEN': 19, 'VIVA': 17, 'MI FAMILIA': 1, 'CAMBIO': 0, 'VOS': 3}",18,51,241,0,Algún campo sin dato,13.Huehuetenango,9.Ixtahuacán,2255,presidente
15498,,"{'UNE': 41, 'AZUL': 3, 'VALOR UNIONISTA': 7, 'CABAL': 18, 'TODOS': 11, 'VAMOS': 28, 'PHG': 2, 'PR': 1, 'PIN': 1, 'ELEFANTE': 1, 'VICTORIA': 3, 'SEMILLA': 16, 'FCN-NACION': 0, 'PPN': 5, 'UR': 2, 'URNG-MAIZ WINAQ': 12, 'CREO': 1, 'BIEN': 20, 'VIVA': 13, 'MI FAMILIA': 0, 'CAMBIO': 0, 'VOS': 6}",26,50,267,0,Algún campo sin dato,13.Huehuetenango,9.Ixtahuacán,2255,presidente
15499,,"{'UNE': 57, 'AZUL': 2, 'VALOR UNIONISTA': 4, 'CABAL': 8, 'TODOS': 11, 'VAMOS': 19, 'PHG': 2, 'PR': 0, 'PIN': 0, 'ELEFANTE': 1, 'VICTORIA': 2, 'SEMILLA': 21, 'FCN-NACION': 1, 'PPN': 2, 'UR': 1, 'URNG-MAIZ WINAQ': 13, 'CREO': 2, 'BIEN': 27, 'VIVA': 9, 'MI FAMILIA': 2, 'CAMBIO': 0, 'VOS': 4}",21,53,262,0,Algún campo sin dato,13.Huehuetenango,9.Ixtahuacán,2255,presidente
15500,,"{'UNE': 42, 'AZUL': 3, 'VALOR UNIONISTA': 7, 'CABAL': 4, 'TODOS': 6, 'VAMOS': 13, 'PHG': 3, 'PR': 2, 'PIN': 1, 'ELEFANTE': 1, 'VICTORIA': 5, 'SEMILLA': 20, 'FCN-NACION': 1, 'PPN': 2, 'UR': 0, 'URNG-MAIZ WINAQ': 13, 'CREO': 1, 'BIEN': 30, 'VIVA': 14, 'MI FAMILIA': 0, 'CAMBIO': 0, 'VOS': 5}",27,50,250,0,Algún campo sin dato,13.Huehuetenango,9.Ixtahuacán,2255,presidente
15501,,"{'UNE': 25, 'AZUL': 5, 'VALOR UNIONISTA': 5, 'CABAL': 8, 'TODOS': 12, 'VAMOS': 14, 'PHG': 3, 'PR': 1, 'PIN': 0, 'ELEFANTE': 5, 'VICTORIA': 3, 'SEMILLA': 30, 'FCN-NACION': 2, 'PPN': 2, 'UR': 1, 'URNG-MAIZ WINAQ': 17, 'CREO': 4, 'BIEN': 31, 'VIVA': 15, 'MI FAMILIA': 0, 'CAMBIO': 0, 'VOS': 4}",20,44,251,0,Algún campo sin dato,13.Huehuetenango,9.Ixtahuacán,2255,presidente
15502,,"{'UNE': 38, 'AZUL': 1, 'VALOR UNIONISTA': 1, 'CABAL': 17, 'TODOS': 7, 'VAMOS': 23, 'PHG': 1, 'PR': 2, 'PIN': 0, 'ELEFANTE': 0, 'VICTORIA': 2, 'SEMILLA': 27, 'FCN-NACION': 0, 'PPN': 1, 'UR': 1, 'URNG-MAIZ WINAQ': 13, 'CREO': 1, 'BIEN': 21, 'VIVA': 12, 'MI FAMILIA': 0, 'CAMBIO': 0, 'VOS': 3}",10,48,229,0,Algún campo sin dato,13.Huehuetenango,9.Ixtahuacán,2255,presidente
15503,,"{'UNE': 41, 'AZUL': 3, 'VALOR UNIONISTA': 2, 'CABAL': 9, 'TODOS': 15, 'VAMOS': 26, 'PHG': 3, 'PR': 1, 'PIN': 0, 'ELEFANTE': 1, 'VICTORIA': 1, 'SEMILLA': 35, 'FCN-NACION': 0, 'PPN': 1, 'UR': 1, 'URNG-MAIZ WINAQ': 12, 'CREO': 0, 'BIEN': 20, 'VIVA': 13, 'MI FAMILIA': 1, 'CAMBIO': 0, 'VOS': 8}",11,54,258,0,Algún campo sin dato,13.Huehuetenango,9.Ixtahuacán,2255,presidente
15504,,"{'UNE': 29, 'AZUL': 1, 'VALOR UNIONISTA': 2, 'CABAL': 6, 'TODOS': 6, 'VAMOS': 13, 'PHG': 3, 'PR': 1, 'PIN': 0, 'ELEFANTE': 0, 'VICTORIA': 2, 'SEMILLA': 12, 'FCN-NACION': 1, 'PPN': 1, 'UR': 1, 'URNG-MAIZ WINAQ': 9, 'CREO': 0, 'BIEN': 14, 'VIVA': 11, 'MI FAMILIA': 0, 'CAMBIO': 0, 'VOS': 2}",14,32,160,0,Algún campo sin dato,13.Huehuetenango,9.Ixtahuacán,2255,presidente
15505,,"{'UNE': 21, 'AZUL': 2, 'VALOR UNIONISTA': 1, 'CABAL': 5, 'TODOS': 5, 'VAMOS': 9, 'PHG': 3, 'PR': 0, 'PIN': 0, 'ELEFANTE': 1, 'VICTORIA': 1, 'SEMILLA': 9, 'FCN-NACION': 0, 'PPN': 0, 'UR': 0, 'URNG-MAIZ WINAQ': 6, 'CREO': 0, 'BIEN': 9, 'VIVA': 6, 'MI FAMILIA': 0, 'CAMBIO': 0, 'VOS': 1}",5,21,105,0,Algún campo sin dato,13.Huehuetenango,9.Ixtahuacán,2255,presidente
15506,,"{'UNE': 71, 'AZUL': 4, 'VALOR UNIONISTA': 6, 'CABAL': 14, 'TODOS': 10, 'VAMOS': 24, 'PHG': 4, 'PR': 0, 'PIN': 2, 'ELEFANTE': 0, 'VICTORIA': 2, 'SEMILLA': 4, 'FCN-NACION': 2, 'PPN': 4, 'UR': 0, 'URNG-MAIZ WINAQ': 19, 'CREO': 1, 'BIEN': 23, 'VIVA': 12, 'MI FAMILIA': 1, 'CAMBIO': 1, 'VOS': 1}",40,60,305,0,Algún campo sin dato,13.Huehuetenango,9.Ixtahuacán,2256,presidente
15507,,"{'UNE': 86, 'AZUL': 2, 'VALOR UNIONISTA': 7, 'CABAL': 6, 'TODOS': 12, 'VAMOS': 36, 'PHG': 4, 'PR': 3, 'PIN': 0, 'ELEFANTE': 4, 'VICTORIA': 2, 'SEMILLA': 2, 'FCN-NACION': 1, 'PPN': 1, 'UR': 2, 'URNG-MAIZ WINAQ': 20, 'CREO': 2, 'BIEN': 17, 'VIVA': 13, 'MI FAMILIA': 0, 'CAMBIO': 0, 'VOS': 2}",25,49,296,0,Algún campo sin dato,13.Huehuetenango,9.Ixtahuacán,2257,presidente
15508,,"{'UNE': 67, 'AZUL': 2, 'VALOR UNIONISTA': 6, 'CABAL': 5, 'TODOS': 9, 'VAMOS': 38, 'PHG': 1, 'PR': 1, 'PIN': 0, 'ELEFANTE': 0, 'VICTORIA': 0, 'SEMILLA': 1, 'FCN-NACION': 0, 'PPN': 2, 'UR': 0, 'URNG-MAIZ WINAQ': 14, 'CREO': 0, 'BIEN': 26, 'VIVA': 13, 'MI FAMILIA': 0, 'CAMBIO': 0, 'VOS': 2}",31,27,245,8,Algún campo sin dato,13.Huehuetenango,9.Ixtahuacán,2257,presidente
15509,,"{'UNE': 78, 'AZUL': 2, 'VALOR UNIONISTA': 4, 'CABAL': 8, 'TODOS': 13, 'VAMOS': 18, 'PHG': 3, 'PR': 1, 'PIN': 0, 'ELEFANTE': 2, 'VICTORIA': 1, 'SEMILLA': 3, 'FCN-NACION': 2, 'PPN': 1, 'UR': 1, 'URNG-MAIZ WINAQ': 18, 'CREO': 0, 'BIEN': 21, 'VIVA': 7, 'MI FAMILIA': 1, 'CAMBIO': 0, 'VOS': 1}",33,50,268,0,Algún campo sin dato,13.Huehuetenango,9.Ixtahuacán,2257,presidente
15510,,"{'UNE': 42, 'AZUL': 2, 'VALOR UNIONISTA': 0, 'CABAL': 8, 'TODOS': 8, 'VAMOS': 24, 'PHG': 1, 'PR': 1, 'PIN': 0, 'ELEFANTE': 0, 'VICTORIA': 2, 'SEMILLA': 10, 'FCN-NACION': 0, 'PPN': 2, 'UR': 0, 'URNG-MAIZ WINAQ': 13, 'CREO': 1, 'BIEN': 13, 'VIVA': 10, 'MI FAMILIA': 0, 'CAMBIO': 0, 'VOS': 2}",7,25,171,0,Algún campo sin dato,13.Huehuetenango,9.Ixtahuacán,2257,presidente
15511,,"{'UNE': 40, 'AZUL': 3, 'VALOR UNIONISTA': 2, 'CABAL': 7, 'TODOS': 9, 'VAMOS': 24, 'PHG': 2, 'PR': 0, 'PIN': 0, 'ELEFANTE': 0, 'VICTORIA': 2, 'SEMILLA': 2, 'FCN-NACION': 1, 'PPN': 0, 'UR': 0, 'URNG-MAIZ WINAQ': 6, 'CREO': 0, 'BIEN': 18, 'VIVA': 13, 'MI FAMILIA': 0, 'CAMBIO': 0, 'VOS': 2}",13,37,181,50,Sumas Asentadas sin cuadrar,13.Huehuetenango,9.Ixtahuacán,2257,presidente
15512,,"{'UNE': 73, 'AZUL': 3, 'VALOR UNIONISTA': 1, 'CABAL': 12, 'TODOS': 24, 'VAMOS': 28, 'PHG': 1, 'PR': 0, 'PIN': 0, 'ELEFANTE': 2, 'VICTORIA': 7, 'SEMILLA': 0, 'FCN-NACION': 0, 'PPN': 5, 'UR': 1, 'URNG-MAIZ WINAQ': 10, 'CREO': 2, 'BIEN': 15, 'VIVA': 14, 'MI FAMILIA': 3, 'CAMBIO': 1, 'VOS': 3}",38,46,289,0,Algún campo sin dato,13.Huehuetenango,9.Ixtahuacán,2258,presidente
15513,,"{'UNE': 69, 'AZUL': 2, 'VALOR UNIONISTA': 7, 'CABAL': 6, 'TODOS': 16, 'VAMOS': 38, 'PHG': 1, 'PR': 1, 'PIN': 1, 'ELEFANTE': 0, 'VICTORIA': 2, 'SEMILLA': 1, 'FCN-NACION': 2, 'PPN': 6, 'UR': 1, 'URNG-MAIZ WINAQ': 12, 'CREO': 1, 'BIEN': 11, 'VIVA': 10, 'MI FAMILIA': 6, 'CAMBIO': 0, 'VOS': 1}",35,25,254,0,Algún campo sin dato,13.Huehuetenango,9.Ixtahuacán,2258,presidente
15514,,"{'UNE': 67, 'AZUL': 7, 'VALOR UNIONISTA': 3, 'CABAL': 17, 'TODOS': 11, 'VAMOS': 34, 'PHG': 1, 'PR': 0, 'PIN': 0, 'ELEFANTE': 0, 'VICTORIA': 7, 'SEMILLA': 2, 'FCN-NACION': 0, 'PPN': 3, 'UR': 1, 'URNG-MAIZ WINAQ': 6, 'CREO': 1, 'BIEN': 5, 'VIVA': 13, 'MI FAMILIA': 1, 'CAMBIO': 1, 'VOS': 2}",32,36,250,0,Algún campo sin dato,13.Huehuetenango,9.Ixtahuacán,2258,presidente
15515,,"{'UNE': 63, 'AZUL': 3, 'VALOR UNIONISTA': 2, 'CABAL': 20, 'TODOS': 7, 'VAMOS': 15, 'PHG': 1, 'PR': 1, 'PIN': 0, 'ELEFANTE': 3, 'VICTORIA': 4, 'SEMILLA': 2, 'FCN-NACION': 2, 'PPN': 4, 'UR': 0, 'URNG-MAIZ WINAQ': 12, 'CREO': 0, 'BIEN': 12, 'VIVA': 13, 'MI FAMILIA': 1, 'CAMBIO': 0, 'VOS': 0}",47,38,250,1,Algún campo sin dato,13.Huehuetenango,9.Ixtahuacán,2258,presidente
15516,,"{'UNE': 62, 'AZUL': 2, 'VALOR UNIONISTA': 4, 'CABAL': 16, 'TODOS': 13, 'VAMOS': 20, 'PHG': 1, 'PR': 3, 'PIN': 2, 'ELEFANTE': 3, 'VICTORIA': 2, 'SEMILLA': 2, 'FCN-NACION': 1, 'PPN': 4, 'UR': 0, 'URNG-MAIZ WINAQ': 8, 'CREO': 1, 'BIEN': 10, 'VIVA': 9, 'MI FAMILIA': 2, 'CAMBIO': 1, 'VOS': 2}",42,27,237,0,Algún campo sin dato,13.Huehuetenango,9.Ixtahuacán,2258,presidente
15517,,"{'UNE': 65, 'AZUL': 2, 'VALOR UNIONISTA': 6, 'CABAL': 12, 'TODOS': 15, 'VAMOS': 30, 'PHG': 1, 'PR': 0, 'PIN': 1, 'ELEFANTE': 3, 'VICTORIA': 1, 'SEMILLA': 5, 'FCN-NACION': 1, 'PPN': 6, 'UR': 0, 'URNG-MAIZ WINAQ': 9, 'CREO': 3, 'BIEN': 10, 'VIVA': 16, 'MI FAMILIA': 0, 'CAMBIO': 0, 'VOS': 1}",16,30,233,0,Algún campo sin dato,13.Huehuetenango,9.Ixtahuacán,2258,presidente
15518,,"{'UNE': 55, 'AZUL': 0, 'VALOR UNIONISTA': 3, 'CABAL': 19, 'TODOS': 14, 'VAMOS': 27, 'PHG': 2, 'PR': 0, 'PIN': 0, 'ELEFANTE': 0, 'VICTORIA': 7, 'SEMILLA': 5, 'FCN-NACION': 1, 'PPN': 6, 'UR': 0, 'URNG-MAIZ WINAQ': 4, 'CREO': 1, 'BIEN': 8, 'VIVA': 7, 'MI FAMILIA': 1, 'CAMBIO': 1, 'VOS': 0}",24,26,211,0,Algún campo sin dato,13.Huehuetenango,9.Ixtahuacán,2258,presidente
15519,,"{'UNE': 49, 'AZUL': 4, 'VALOR UNIONISTA': 3, 'CABAL': 14, 'TODOS': 14, 'VAMOS': 25, 'PHG': 2, 'PR': 2, 'PIN': 0, 'ELEFANTE': 2, 'VICTORIA': 2, 'SEMILLA': 4, 'FCN-NACION': 1, 'PPN': 6, 'UR': 0, 'URNG-MAIZ WINAQ': 11, 'CREO': 1, 'BIEN': 16, 'VIVA': 15, 'MI FAMILIA': 0, 'CAMBIO': 0, 'VOS': 1}",24,17,213,0,Algún campo sin dato,13.Huehuetenango,9.Ixtahuacán,2258,presidente
15520,,"{'UNE': 65, 'AZUL': 1, 'VALOR UNIONISTA': 4, 'CABAL': 10, 'TODOS': 12, 'VAMOS': 8, 'PHG': 1, 'PR': 0, 'PIN': 1, 'ELEFANTE': 2, 'VICTORIA': 2, 'SEMILLA': 3, 'FCN-NACION': 0, 'PPN': 5, 'UR': 0, 'URNG-MAIZ WINAQ': 55, 'CREO': 4, 'BIEN': 15, 'VIVA': 6, 'MI FAMILIA': 2, 'CAMBIO': 0, 'VOS': 0}",37,45,278,0,Algún campo sin dato,13.Huehuetenango,9.Ixtahuacán,2259,presidente
15521,,"{'UNE': 46, 'AZUL': 2, 'VALOR UNIONISTA': 4, 'CABAL': 7, 'TODOS': 10, 'VAMOS': 7, 'PHG': 4, 'PR': 0, 'PIN': 0, 'ELEFANTE': 0, 'VICTORIA': 0, 'SEMILLA': 3, 'FCN-NACION': 0, 'PPN': 2, 'UR': 0, 'URNG-MAIZ WINAQ': 95, 'CREO': 0, 'BIEN': 20, 'VIVA': 4, 'MI FAMILIA': 2, 'CAMBIO': 2, 'VOS': 0}",34,47,289,3,Sumas Asentadas sin cuadrar,13.Huehuetenango,9.Ixtahuacán,2259,presidente
15522,,"{'UNE': 50, 'AZUL': 3, 'VALOR UNIONISTA': 6, 'CABAL': 14, 'TODOS': 5, 'VAMOS': 12, 'PHG': 5, 'PR': 2, 'PIN': 0, 'ELEFANTE': 8, 'VICTORIA': 2, 'SEMILLA': 2, 'FCN-NACION': 1, 'PPN': 1, 'UR': 2, 'URNG-MAIZ WINAQ': 72, 'CREO': 0, 'BIEN': 16, 'VIVA': 5, 'MI FAMILIA': 2, 'CAMBIO': 0, 'VOS': 0}",36,41,285,0,Algún campo sin dato,13.Huehuetenango,9.Ixtahuacán,2259,presidente
15523,,"{'UNE': 51, 'AZUL': 2, 'VALOR UNIONISTA': 4, 'CABAL': 11, 'TODOS': 12, 'VAMOS': 11, 'PHG': 3, 'PR': 0, 'PIN': 0, 'ELEFANTE': 1, 'VICTORIA': 2, 'SEMILLA': 3, 'FCN-NACION': 0, 'PPN': 1, 'UR': 0, 'URNG-MAIZ WINAQ': 53, 'CREO': 1, 'BIEN': 11, 'VIVA': 4, 'MI FAMILIA': 0, 'CAMBIO': 1, 'VOS': 0}",28,40,239,0,Algún campo sin dato,13.Huehuetenango,9.Ixtahuacán,2259,presidente
15524,,"{'UNE': 52, 'AZUL': 4, 'VALOR UNIONISTA': 2, 'CABAL': 19, 'TODOS': 13, 'VAMOS': 2, 'PHG': 2, 'PR': 2, 'PIN': 1, 'ELEFANTE': 4, 'VICTORIA': 1, 'SEMILLA': 4, 'FCN-NACION': 2, 'PPN': 1, 'UR': 1, 'URNG-MAIZ WINAQ': 43, 'CREO': 1, 'BIEN': 17, 'VIVA': 3, 'MI FAMILIA': 2, 'CAMBIO': 1, 'VOS': 0}",30,29,236,0,Algún campo sin dato,13.Huehuetenango,9.Ixtahuacán,2259,presidente
15525,,"{'UNE': 41, 'AZUL': 9, 'VALOR UNIONISTA': 2, 'CABAL': 20, 'TODOS': 11, 'VAMOS': 11, 'PHG': 0, 'PR': 1, 'PIN': 0, 'ELEFANTE': 3, 'VICTORIA': 2, 'SEMILLA': 0, 'FCN-NACION': 0, 'PPN': 2, 'UR': 2, 'URNG-MAIZ WINAQ': 51, 'CREO': 1, 'BIEN': 25, 'VIVA': 3, 'MI FAMILIA': 1, 'CAMBIO': 0, 'VOS': 1}",22,27,235,0,Algún campo sin dato,13.Huehuetenango,9.Ixtahuacán,2259,presidente
15526,,"{'UNE': 50, 'AZUL': 1, 'VALOR UNIONISTA': 5, 'CABAL': 7, 'TODOS': 11, 'VAMOS': 5, 'PHG': 4, 'PR': 0, 'PIN': 0, 'ELEFANTE': 1, 'VICTORIA': 1, 'SEMILLA': 3, 'FCN-NACION': 2, 'PPN': 3, 'UR': 0, 'URNG-MAIZ WINAQ': 57, 'CREO': 1, 'BIEN': 13, 'VIVA': 3, 'MI FAMILIA': 1, 'CAMBIO': 1, 'VOS': 0}",39,29,237,0,Algún campo sin dato,13.Huehuetenango,9.Ixtahuacán,2259,presidente
15527,,"{'UNE': 61, 'AZUL': 1, 'VALOR UNIONISTA': 3, 'CABAL': 13, 'TODOS': 14, 'VAMOS': 8, 'PHG': 3, 'PR': 0, 'PIN': 0, 'ELEFANTE': 0, 'VICTORIA': 2, 'SEMILLA': 2, 'FCN-NACION': 0, 'PPN': 1, 'UR': 2, 'URNG-MAIZ WINAQ': 33, 'CREO': 0, 'BIEN': 23, 'VIVA': 3, 'MI FAMILIA': 0, 'CAMBIO': 0, 'VOS': 0}",22,42,233,0,Algún campo sin dato,13.Huehuetenango,9.Ixtahuacán,2259,presidente
15528,,"{'UNE': 41, 'AZUL': 1, 'VALOR UNIONISTA': 2, 'CABAL': 12, 'TODOS': 8, 'VAMOS': 7, 'PHG': 1, 'PR': 2, 'PIN': 0, 'ELEFANTE': 3, 'VICTORIA': 0, 'SEMILLA': 6, 'FCN-NACION': 0, 'PPN': 4, 'UR': 0, 'URNG-MAIZ WINAQ': 54, 'CREO': 0, 'BIEN': 11, 'VIVA': 5, 'MI FAMILIA': 0, 'CAMBIO': 0, 'VOS': 0}",10,21,188,0,Algún campo sin dato,13.Huehuetenango,9.Ixtahuacán,2259,presidente
15529,,"{'UNE': 31, 'AZUL': 7, 'VALOR UNIONISTA': 2, 'CABAL': 11, 'TODOS': 1, 'VAMOS': 8, 'PHG': 1, 'PR': 1, 'PIN': 0, 'ELEFANTE': 2, 'VICTORIA': 1, 'SEMILLA': 0, 'FCN-NACION': 0, 'PPN': 0, 'UR': 0, 'URNG-MAIZ WINAQ': 37, 'CREO': 0, 'BIEN': 13, 'VIVA': 3, 'MI FAMILIA': 0, 'CAMBIO': 1, 'VOS': 0}",25,22,166,0,Algún campo sin dato,13.Huehuetenango,9.Ixtahuacán,2259,presidente
15530,,"{'UNE': 66, 'AZUL': 3, 'VALOR UNIONISTA': 5, 'CABAL': 21, 'TODOS': 2, 'VAMOS': 27, 'PHG': 4, 'PR': 1, 'PIN': 0, 'ELEFANTE': 2, 'VICTORIA': 6, 'SEMILLA': 1, 'FCN-NACION': 1, 'PPN': 2, 'UR': 1, 'URNG-MAIZ WINAQ': 5, 'CREO': 5, 'BIEN': 37, 'VIVA': 7, 'MI FAMILIA': 2, 'CAMBIO': 0, 'VOS': 0}",51,38,287,0,,13.Huehuetenango,9.Ixtahuacán,2260,presidente
15531,,"{'UNE': 77, 'AZUL': 3, 'VALOR UNIONISTA': 7, 'CABAL': 17, 'TODOS': 2, 'VAMOS': 30, 'PHG': 3, 'PR': 4, 'PIN': 1, 'ELEFANTE': 0, 'VICTORIA': 3, 'SEMILLA': 2, 'FCN-NACION': 3, 'PPN': 6, 'UR': 0, 'URNG-MAIZ WINAQ': 13, 'CREO': 1, 'BIEN': 29, 'VIVA': 2, 'MI FAMILIA': 2, 'CAMBIO': 1, 'VOS': 2}",47,36,291,0,Algún campo sin dato,13.Huehuetenango,9.Ixtahuacán,2260,presidente
15532,,"{'UNE': 58, 'AZUL': 5, 'VALOR UNIONISTA': 5, 'CABAL': 15, 'TODOS': 6, 'VAMOS': 44, 'PHG': 3, 'PR': 1, 'PIN': 0, 'ELEFANTE': 1, 'VICTORIA': 3, 'SEMILLA': 0, 'FCN-NACION': 0, 'PPN': 6, 'UR': 3, 'URNG-MAIZ WINAQ': 4, 'CREO': 2, 'BIEN': 27, 'VIVA': 4, 'MI FAMILIA': 3, 'CAMBIO': 0, 'VOS': 1}",30,32,253,0,Algún campo sin dato,13.Huehuetenango,9.Ixtahuacán,2260,presidente
15533,,"{'UNE': 76, 'AZUL': 2, 'VALOR UNIONISTA': 3, 'CABAL': 8, 'TODOS': 6, 'VAMOS': 25, 'PHG': 3, 'PR': 2, 'PIN': 0, 'ELEFANTE': 4, 'VICTORIA': 2, 'SEMILLA': 0, 'FCN-NACION': 2, 'PPN': 3, 'UR': 4, 'URNG-MAIZ WINAQ': 8, 'CREO': 1, 'BIEN': 30, 'VIVA': 5, 'MI FAMILIA': 2, 'CAMBIO': 1, 'VOS': 2}",47,25,261,0,Algún campo sin dato,13.Huehuetenango,9.Ixtahuacán,2260,presidente
15534,,"{'UNE': 61, 'AZUL': 2, 'VALOR UNIONISTA': 2, 'CABAL': 13, 'TODOS': 3, 'VAMOS': 37, 'PHG': 4, 'PR': 1, 'PIN': 0, 'ELEFANTE': 1, 'VICTORIA': 6, 'SEMILLA': 1, 'FCN-NACION': 2, 'PPN': 8, 'UR': 3, 'URNG-MAIZ WINAQ': 5, 'CREO': 0, 'BIEN': 29, 'VIVA': 6, 'MI FAMILIA': 1, 'CAMBIO': 0, 'VOS': 0}",53,38,276,1,Algún campo sin dato,13.Huehuetenango,9.Ixtahuacán,2260,presidente
15535,,"{'UNE': 52, 'AZUL': 6, 'VALOR UNIONISTA': 4, 'CABAL': 21, 'TODOS': 1, 'VAMOS': 25, 'PHG': 3, 'PR': 2, 'PIN': 0, 'ELEFANTE': 1, 'VICTORIA': 4, 'SEMILLA': 6, 'FCN-NACION': 0, 'PPN': 7, 'UR': 2, 'URNG-MAIZ WINAQ': 0, 'CREO': 3, 'BIEN': 22, 'VIVA': 4, 'MI FAMILIA': 4, 'CAMBIO': 0, 'VOS': 0}",59,34,260,0,Algún campo sin dato,13.Huehuetenango,9.Ixtahuacán,2260,presidente
15536,,"{'UNE': 59, 'AZUL': 1, 'VALOR UNIONISTA': 3, 'CABAL': 18, 'TODOS': 5, 'VAMOS': 26, 'PHG': 3, 'PR': 1, 'PIN': 0, 'ELEFANTE': 1, 'VICTORIA': 0, 'SEMILLA': 0, 'FCN-NACION': 0, 'PPN': 3, 'UR': 0, 'URNG-MAIZ WINAQ': 3, 'CREO': 2, 'BIEN': 25, 'VIVA': 6, 'MI FAMILIA': 1, 'CAMBIO': 0, 'VOS': 2}",39,28,226,9,Sumas Asentadas sin cuadrar,13.Huehuetenango,9.Ixtahuacán,2260,presidente
15537,,"{'UNE': 50, 'AZUL': 3, 'VALOR UNIONISTA': 3, 'CABAL': 21, 'TODOS': 4, 'VAMOS': 35, 'PHG': 4, 'PR': 2, 'PIN': 0, 'ELEFANTE': 0, 'VICTORIA': 1, 'SEMILLA': 3, 'FCN-NACION': 1, 'PPN': 5, 'UR': 2, 'URNG-MAIZ WINAQ': 4, 'CREO': 0, 'BIEN': 21, 'VIVA': 4, 'MI FAMILIA': 0, 'CAMBIO': 0, 'VOS': 0}",19,41,223,0,Algún campo sin dato,13.Huehuetenango,9.Ixtahuacán,2260,presidente
15538,,"{'UNE': 43, 'AZUL': 2, 'VALOR UNIONISTA': 3, 'CABAL': 13, 'TODOS': 7, 'VAMOS': 28, 'PHG': 5, 'PR': 2, 'PIN': 0, 'ELEFANTE': 1, 'VICTORIA': 3, 'SEMILLA': 2, 'FCN-NACION': 0, 'PPN': 2, 'UR': 1, 'URNG-MAIZ WINAQ': 2, 'CREO': 1, 'BIEN': 33, 'VIVA': 3, 'MI FAMILIA': 3, 'CAMBIO': 0, 'VOS': 0}",21,35,210,0,Algún campo sin dato,13.Huehuetenango,9.Ixtahuacán,2260,presidente
15539,,"{'UNE': 41, 'AZUL': 2, 'VALOR UNIONISTA': 5, 'CABAL': 10, 'TODOS': 10, 'VAMOS': 3, 'PHG': 2, 'PR': 4, 'PIN': 0, 'ELEFANTE': 0, 'VICTORIA': 5, 'SEMILLA': 4, 'FCN-NACION': 0, 'PPN': 4, 'UR': 1, 'URNG-MAIZ WINAQ': 3, 'CREO': 0, 'BIEN': 33, 'VIVA': 14, 'MI FAMILIA': 4, 'CAMBIO': 0, 'VOS': 1}",37,52,235,0,Algún campo sin dato,13.Huehuetenango,9.Ixtahuacán,2261,presidente
15540,,"{'UNE': 66, 'AZUL': 5, 'VALOR UNIONISTA': 5, 'CABAL': 3, 'TODOS': 20, 'VAMOS': 10, 'PHG': 3, 'PR': 2, 'PIN': 0, 'ELEFANTE': 2, 'VICTORIA': 8, 'SEMILLA': 2, 'FCN-NACION': 0, 'PPN': 3, 'UR': 1, 'URNG-MAIZ WINAQ': 4, 'CREO': 0, 'BIEN': 30, 'VIVA': 11, 'MI FAMILIA': 2, 'CAMBIO': 2, 'VOS': 0}",61,22,262,0,Sumas Asentadas sin cuadrar,13.Huehuetenango,9.Ixtahuacán,2261,presidente
15541,,"{'UNE': 37, 'AZUL': 6, 'VALOR UNIONISTA': 4, 'CABAL': 6, 'TODOS': 15, 'VAMOS': 13, 'PHG': 8, 'PR': 4, 'PIN': 0, 'ELEFANTE': 1, 'VICTORIA': 1, 'SEMILLA': 1, 'FCN-NACION': 0, 'PPN': 10, 'UR': 0, 'URNG-MAIZ WINAQ': 7, 'CREO': 2, 'BIEN': 24, 'VIVA': 11, 'MI FAMILIA': 6, 'CAMBIO': 0, 'VOS': 2}",45,25,228,0,Sumas Asentadas sin cuadrar,13.Huehuetenango,9.Ixtahuacán,2261,presidente
15542,,"{'UNE': 34, 'AZUL': 6, 'VALOR UNIONISTA': 2, 'CABAL': 8, 'TODOS': 16, 'VAMOS': 11, 'PHG': 5, 'PR': 1, 'PIN': 0, 'ELEFANTE': 3, 'VICTORIA': 9, 'SEMILLA': 0, 'FCN-NACION': 1, 'PPN': 3, 'UR': 3, 'URNG-MAIZ WINAQ': 6, 'CREO': 3, 'BIEN': 28, 'VIVA': 13, 'MI FAMILIA': 5, 'CAMBIO': 0, 'VOS': 0}",37,43,237,143,Algún campo sin dato,13.Huehuetenango,9.Ixtahuacán,2261,presidente
15543,,"{'UNE': 50, 'AZUL': 1, 'VALOR UNIONISTA': 0, 'CABAL': 4, 'TODOS': 10, 'VAMOS': 12, 'PHG': 3, 'PR': 3, 'PIN': 0, 'ELEFANTE': 2, 'VICTORIA': 5, 'SEMILLA': 0, 'FCN-NACION': 0, 'PPN': 3, 'UR': 2, 'URNG-MAIZ WINAQ': 3, 'CREO': 3, 'BIEN': 18, 'VIVA': 15, 'MI FAMILIA': 3, 'CAMBIO': 0, 'VOS': 0}",38,28,203,0,Algún campo sin dato,13.Huehuetenango,9.Ixtahuacán,2261,presidente
15544,,"{'UNE': 49, 'AZUL': 3, 'VALOR UNIONISTA': 0, 'CABAL': 2, 'TODOS': 12, 'VAMOS': 12, 'PHG': 1, 'PR': 0, 'PIN': 0, 'ELEFANTE': 1, 'VICTORIA': 3, 'SEMILLA': 1, 'FCN-NACION': 0, 'PPN': 10, 'UR': 0, 'URNG-MAIZ WINAQ': 3, 'CREO': 0, 'BIEN': 17, 'VIVA': 14, 'MI FAMILIA': 1, 'CAMBIO': 0, 'VOS': 0}",31,19,179,0,Algún campo sin dato,13.Huehuetenango,9.Ixtahuacán,2261,presidente
15545,,"{'UNE': 23, 'AZUL': 3, 'VALOR UNIONISTA': 1, 'CABAL': 6, 'TODOS': 12, 'VAMOS': 14, 'PHG': 2, 'PR': 0, 'PIN': 0, 'ELEFANTE': 2, 'VICTORIA': 3, 'SEMILLA': 1, 'FCN-NACION': 1, 'PPN': 12, 'UR': 0, 'URNG-MAIZ WINAQ': 2, 'CREO': 1, 'BIEN': 17, 'VIVA': 8, 'MI FAMILIA': 0, 'CAMBIO': 1, 'VOS': 1}",23,18,151,0,Algún campo sin dato,13.Huehuetenango,9.Ixtahuacán,2261,presidente
15546,,"{'UNE': 58, 'AZUL': 2, 'VALOR UNIONISTA': 5, 'CABAL': 16, 'TODOS': 1, 'VAMOS': 59, 'PHG': 9, 'PR': 1, 'PIN': 1, 'ELEFANTE': 3, 'VICTORIA': 0, 'SEMILLA': 0, 'FCN-NACION': 0, 'PPN': 2, 'UR': 2, 'URNG-MAIZ WINAQ': 5, 'CREO': 1, 'BIEN': 20, 'VIVA': 9, 'MI FAMILIA': 1, 'CAMBIO': 0, 'VOS': 1}",30,47,273,0,Algún campo sin dato,13.Huehuetenango,9.Ixtahuacán,2262,presidente
15547,,"{'UNE': 58, 'AZUL': 2, 'VALOR UNIONISTA': 7, 'CABAL': 34, 'TODOS': 2, 'VAMOS': 59, 'PHG': 4, 'PR': 2, 'PIN': 2, 'ELEFANTE': 0, 'VICTORIA': 2, 'SEMILLA': 1, 'FCN-NACION': 0, 'PPN': 0, 'UR': 0, 'URNG-MAIZ WINAQ': 11, 'CREO': 1, 'BIEN': 17, 'VIVA': 2, 'MI FAMILIA': 0, 'CAMBIO': 0, 'VOS': 0}",33,39,276,0,Algún campo sin dato,13.Huehuetenango,9.Ixtahuacán,2262,presidente
15548,,"{'UNE': 29, 'AZUL': 2, 'VALOR UNIONISTA': 1, 'CABAL': 22, 'TODOS': 0, 'VAMOS': 42, 'PHG': 1, 'PR': 0, 'PIN': 0, 'ELEFANTE': 0, 'VICTORIA': 0, 'SEMILLA': 1, 'FCN-NACION': 0, 'PPN': 1, 'UR': 0, 'URNG-MAIZ WINAQ': 0, 'CREO': 1, 'BIEN': 7, 'VIVA': 2, 'MI FAMILIA': 1, 'CAMBIO': 1, 'VOS': 1}",32,12,156,0,Algún campo sin dato,13.Huehuetenango,9.Ixtahuacán,2262,presidente
15549,,"{'UNE': 31, 'AZUL': 2, 'VALOR UNIONISTA': 1, 'CABAL': 20, 'TODOS': 0, 'VAMOS': 51, 'PHG': 4, 'PR': 0, 'PIN': 0, 'ELEFANTE': 0, 'VICTORIA': 2, 'SEMILLA': 1, 'FCN-NACION': 0, 'PPN': 0, 'UR': 0, 'URNG-MAIZ WINAQ': 3, 'CREO': 0, 'BIEN': 10, 'VIVA': 1, 'MI FAMILIA': 1, 'CAMBIO': 0, 'VOS': 0}",24,9,160,0,Algún campo sin dato,13.Huehuetenango,9.Ixtahuacán,2262,presidente
15550,,"{'UNE': 61, 'AZUL': 2, 'VALOR UNIONISTA': 1, 'CABAL': 30, 'TODOS': 4, 'VAMOS': 30, 'PHG': 2, 'PR': 1, 'PIN': 1, 'ELEFANTE': 2, 'VICTORIA': 2, 'SEMILLA': 1, 'FCN-NACION': 1, 'PPN': 4, 'UR': 1, 'URNG-MAIZ WINAQ': 6, 'CREO': 0, 'BIEN': 43, 'VIVA': 11, 'MI FAMILIA': 3, 'CAMBIO': 1, 'VOS': 2}",43,40,292,0,Algún campo sin dato,13.Huehuetenango,9.Ixtahuacán,2263,presidente
15551,,"{'UNE': 56, 'AZUL': 6, 'VALOR UNIONISTA': 3, 'CABAL': 20, 'TODOS': 10, 'VAMOS': 35, 'PHG': 1, 'PR': 2, 'PIN': 0, 'ELEFANTE': 2, 'VICTORIA': 2, 'SEMILLA': 2, 'FCN-NACION': 4, 'PPN': 5, 'UR': 4, 'URNG-MAIZ WINAQ': 5, 'CREO': 1, 'BIEN': 22, 'VIVA': 10, 'MI FAMILIA': 6, 'CAMBIO': 1, 'VOS': 0}",46,47,290,0,Algún campo sin dato,13.Huehuetenango,9.Ixtahuacán,2263,presidente
15552,,"{'UNE': 56, 'AZUL': 1, 'VALOR UNIONISTA': 2, 'CABAL': 15, 'TODOS': 8, 'VAMOS': 26, 'PHG': 3, 'PR': 0, 'PIN': 0, 'ELEFANTE': 7, 'VICTORIA': 1, 'SEMILLA': 2, 'FCN-NACION': 1, 'PPN': 8, 'UR': 0, 'URNG-MAIZ WINAQ': 5, 'CREO': 4, 'BIEN': 25, 'VIVA': 11, 'MI FAMILIA': 2, 'CAMBIO': 0, 'VOS': 1}",47,42,267,0,Algún campo sin dato,13.Huehuetenango,9.Ixtahuacán,2263,presidente
15553,,"{'UNE': 52, 'AZUL': 5, 'VALOR UNIONISTA': 4, 'CABAL': 21, 'TODOS': 7, 'VAMOS': 25, 'PHG': 4, 'PR': 1, 'PIN': 1, 'ELEFANTE': 3, 'VICTORIA': 1, 'SEMILLA': 1, 'FCN-NACION': 1, 'PPN': 3, 'UR': 5, 'URNG-MAIZ WINAQ': 5, 'CREO': 1, 'BIEN': 1, 'VIVA': 10, 'MI FAMILIA': 0, 'CAMBIO': 0, 'VOS': 1}",38,44,234,123,Algún campo sin dato,13.Huehuetenango,9.Ixtahuacán,2263,presidente
15554,,"{'UNE': 45, 'AZUL': 7, 'VALOR UNIONISTA': 2, 'CABAL': 24, 'TODOS': 9, 'VAMOS': 31, 'PHG': 1, 'PR': 0, 'PIN': 0, 'ELEFANTE': 4, 'VICTORIA': 8, 'SEMILLA': 2, 'FCN-NACION': 1, 'PPN': 1, 'UR': 0, 'URNG-MAIZ WINAQ': 1, 'CREO': 1, 'BIEN': 31, 'VIVA': 12, 'MI FAMILIA': 4, 'CAMBIO': 1, 'VOS': 0}",23,34,242,4,Sumas Asentadas sin cuadrar,13.Huehuetenango,9.Ixtahuacán,2263,presidente
15555,,"{'UNE': 34, 'AZUL': 1, 'VALOR UNIONISTA': 0, 'CABAL': 16, 'TODOS': 5, 'VAMOS': 19, 'PHG': 1, 'PR': 1, 'PIN': 0, 'ELEFANTE': 3, 'VICTORIA': 3, 'SEMILLA': 1, 'FCN-NACION': 1, 'PPN': 2, 'UR': 0, 'URNG-MAIZ WINAQ': 3, 'CREO': 0, 'BIEN': 16, 'VIVA': 7, 'MI FAMILIA': 0, 'CAMBIO': 0, 'VOS': 1}",25,24,163,0,Algún campo sin dato,13.Huehuetenango,9.Ixtahuacán,2263,presidente
15556,,"{'UNE': 21, 'AZUL': 3, 'VALOR UNIONISTA': 2, 'CABAL': 18, 'TODOS': 4, 'VAMOS': 13, 'PHG': 1, 'PR': 0, 'PIN': 0, 'ELEFANTE': 0, 'VICTORIA': 2, 'SEMILLA': 3, 'FCN-NACION': 0, 'PPN': 3, 'UR': 0, 'URNG-MAIZ WINAQ': 2, 'CREO': 1, 'BIEN': 15, 'VIVA': 6, 'MI FAMILIA': 0, 'CAMBIO': 0, 'VOS': 1}",24,22,141,0,Algún campo sin dato,13.Huehuetenango,9.Ixtahuacán,2263,presidente
15557,,"{'UNE': 60, 'AZUL': 1, 'VALOR UNIONISTA': 5, 'CABAL': 12, 'TODOS': 10, 'VAMOS': 52, 'PHG': 7, 'PR': 3, 'PIN': 1, 'ELEFANTE': 1, 'VICTORIA': 4, 'SEMILLA': 5, 'FCN-NACION': 0, 'PPN': 1, 'UR': 2, 'URNG-MAIZ WINAQ': 4, 'CREO': 0, 'BIEN': 17, 'VIVA': 4, 'MI FAMILIA': 2, 'CAMBIO': 0, 'VOS': 2}",51,47,291,0,Algún campo sin dato,13.Huehuetenango,9.Ixtahuacán,2264,presidente
15558,,"{'UNE': 57, 'AZUL': 6, 'VALOR UNIONISTA': 6, 'CABAL': 8, 'TODOS': 6, 'VAMOS': 53, 'PHG': 5, 'PR': 2, 'PIN': 0, 'ELEFANTE': 3, 'VICTORIA': 7, 'SEMILLA': 2, 'FCN-NACION': 2, 'PPN': 2, 'UR': 0, 'URNG-MAIZ WINAQ': 6, 'CREO': 3, 'BIEN': 17, 'VIVA': 2, 'MI FAMILIA': 1, 'CAMBIO': 0, 'VOS': 2}",10,38,238,0,Sumas Asentadas sin cuadrar,13.Huehuetenango,9.Ixtahuacán,2264,presidente
15559,,"{'UNE': 33, 'AZUL': 0, 'VALOR UNIONISTA': 3, 'CABAL': 3, 'TODOS': 15, 'VAMOS': 29, 'PHG': 0, 'PR': 1, 'PIN': 0, 'ELEFANTE': 0, 'VICTORIA': 3, 'SEMILLA': 0, 'FCN-NACION': 0, 'PPN': 0, 'UR': 0, 'URNG-MAIZ WINAQ': 0, 'CREO': 1, 'BIEN': 13, 'VIVA': 3, 'MI FAMILIA': 0, 'CAMBIO': 0, 'VOS': 0}",14,13,131,0,Algún campo sin dato,13.Huehuetenango,9.Ixtahuacán,2264,presidente
15560,,"{'UNE': 16, 'AZUL': 1, 'VALOR UNIONISTA': 2, 'CABAL': 9, 'TODOS': 4, 'VAMOS': 33, 'PHG': 2, 'PR': 0, 'PIN': 0, 'ELEFANTE': 2, 'VICTORIA': 0, 'SEMILLA': 2, 'FCN-NACION': 0, 'PPN': 1, 'UR': 0, 'URNG-MAIZ WINAQ': 2, 'CREO': 0, 'BIEN': 2, 'VIVA': 1, 'MI FAMILIA': 0, 'CAMBIO': 0, 'VOS': 0}",4,9,90,0,Algún campo sin dato,13.Huehuetenango,9.Ixtahuacán,2264,presidente
15561,,"{'UNE': 8, 'AZUL': 2, 'VALOR UNIONISTA': 5, 'CABAL': 8, 'TODOS': 3, 'VAMOS': 5, 'PHG': 1, 'PR': 0, 'PIN': 0, 'ELEFANTE': 0, 'VICTORIA': 0, 'SEMILLA': 4, 'FCN-NACION': 0, 'PPN': 1, 'UR': 3, 'URNG-MAIZ WINAQ': 9, 'CREO': 1, 'BIEN': 10, 'VIVA': 2, 'MI FAMILIA': 0, 'CAMBIO': 0, 'VOS': 3}",12,21,98,0,Algún campo sin dato,13.Huehuetenango,9.Ixtahuacán,2265,presidente
15562,,"{'UNE': 5, 'AZUL': 1, 'VALOR UNIONISTA': 2, 'CABAL': 3, 'TODOS': 0, 'VAMOS': 2, 'PHG': 0, 'PR': 0, 'PIN': 0, 'ELEFANTE': 0, 'VICTORIA': 1, 'SEMILLA': 2, 'FCN-NACION': 0, 'PPN': 2, 'UR': 0, 'URNG-MAIZ WINAQ': 4, 'CREO': 1, 'BIEN': 8, 'VIVA': 3, 'MI FAMILIA': 0, 'CAMBIO': 0, 'VOS': 0}",2,8,44,0,Algún campo sin dato,13.Huehuetenango,9.Ixtahuacán,2265,presidente
