mesa,acta_url,partidos,votos_blanco,votos_nulos,votos_total,votos_invalidos,impugnaciones,observaciones,centro,departamento,municipio,tipo
6897,,"{'CABAL': 4, 'AZUL': 11, 'VALOR': 55, 'TODOS': 8, 'UNE': 17, 'PODEMOS': 35, 'PIN': 1, 'VAMOS': 22, 'MLP': 1, 'P A N': 0, 'PHG': 2, 'BIEN': 10, 'URNG-MAIZ WINAQ': 2, 'CREO': 4, 'MI FAMILIA': 6, 'FCN-NACION': 0, 'CAMBIO': 13, 'UR': 1}",55,49,296,0,--,Algún campo sin dato,0754,El Progreso,San Agustín Acasaguastlán,parlacen
6898,,"{'CABAL': 2, 'AZUL': 14, 'VALOR': 43, 'TODOS': 9, 'UNE': 20, 'PODEMOS': 48, 'PIN': 2, 'VAMOS': 27, 'MLP': 0, 'P A N': 1, 'PHG': 2, 'BIEN': 9, 'URNG-MAIZ WINAQ': 2, 'CREO': 4, 'MI FAMILIA': 16, 'FCN-NACION': 2, 'CAMBIO': 7, 'UR': 0}",47,51,306,0,--,Algún campo sin dato,0754,El Progreso,San Agustín Acasaguastlán,parlacen
6899,,"{'CABAL': 5, 'AZUL': 14, 'VALOR': 44, 'TODOS': 7, 'UNE': 22, 'PODEMOS': 44, 'PIN': 3, 'VAMOS': 23, 'MLP': 0, 'P A N': 2, 'PHG': 2, 'BIEN': 8, 'URNG-MAIZ WINAQ': 5, 'CREO': 2, 'MI FAMILIA': 13, 'FCN-NACION': 2, 'CAMBIO': 6, 'UR': 0}",50,40,292,0,--,Algún campo sin dato,0754,El Progreso,San Agustín Acasaguastlán,parlacen
6900,,"{'CABAL': 4, 'AZUL': 17, 'VALOR': 57, 'TODOS': 9, 'UNE': 39, 'PODEMOS': 52, 'PIN': 0, 'VAMOS': 14, 'MLP': 1, 'P A N': 0, 'PHG': 1, 'BIEN': 6, 'URNG-MAIZ WINAQ': 3, 'CREO': 4, 'MI FAMILIA': 11, 'FCN-NACION': 3, 'CAMBIO': 6, 'UR': 1}",41,44,313,0,--,Algún campo sin dato,0754,El Progreso,San Agustín Acasaguastlán,parlacen
6901,,"{'CABAL': 5, 'AZUL': 18, 'VALOR': 40, 'TODOS': 9, 'UNE': 21, 'PODEMOS': 68, 'PIN': 0, 'VAMOS': 16, 'MLP': 0, 'P A N': 1, 'PHG': 1, 'BIEN': 12, 'URNG-MAIZ WINAQ': 5, 'CREO': 1, 'MI FAMILIA': 12, 'FCN-NACION': 2, 'CAMBIO': 4, 'UR': 2}",36,42,295,0,--,Algún campo sin dato,0754,El Progreso,San Agustín Acasaguastlán,parlacen
6902,,"{'CABAL': 3, 'AZUL': 17, 'VALOR': 45, 'TODOS': 12, 'UNE': 16, 'PODEMOS': 48, 'PIN': 1, 'VAMOS': 14, 'MLP': 0, 'P A N': 4, 'PHG': 3, 'BIEN': 7, 'URNG-MAIZ WINAQ': 1, 'CREO': 3, 'MI FAMILIA': 12, 'FCN-NACION': 1, 'CAMBIO': 8, 'UR': 1}",34,35,265,0,--,Algún campo sin dato,0754,El Progreso,San Agustín Acasaguastlán,parlacen
6903,,"{'CABAL': 7, 'AZUL': 12, 'VALOR': 47, 'TODOS': 6, 'UNE': 11, 'PODEMOS': 50, 'PIN': 0, 'VAMOS': 24, 'MLP': 0, 'P A N': 1, 'PHG': 3, 'BIEN': 2, 'URNG-MAIZ WINAQ': 3, 'CREO': 3, 'MI FAMILIA': 8, 'FCN-NACION': 3, 'CAMBIO': 7, 'UR': 2}",40,39,268,0,--,Algún campo sin dato,0754,El Progreso,San Agustín Acasaguastlán,parlacen
6904,,"{'CABAL': 4, 'AZUL': 23, 'VALOR': 44, 'TODOS': 9, 'UNE': 20, 'PODEMOS': 52, 'PIN': 2, 'VAMOS': 19, 'MLP': 2, 'P A N': 2, 'PHG': 4, 'BIEN': 3, 'URNG-MAIZ WINAQ': 4, 'CREO': 4, 'MI FAMILIA': 10, 'FCN-NACION': 1, 'CAMBIO': 5, 'UR': 0}",43,42,293,0,--,Algún campo sin dato,0754,El Progreso,San Agustín Acasaguastlán,parlacen
6905,,"{'CABAL': 3, 'AZUL': 16, 'VALOR': 46, 'TODOS': 6, 'UNE': 17, 'PODEMOS': 49, 'PIN': 1, 'VAMOS': 27, 'MLP': 1, 'P A N': 1, 'PHG': 3, 'BIEN': 7, 'URNG-MAIZ WINAQ': 4, 'CREO': 1, 'MI FAMILIA': 6, 'FCN-NACION': 0, 'CAMBIO': 8, 'UR': 1}",40,44,281,0,--,Algún campo sin dato,0754,El Progreso,San Agustín Acasaguastlán,parlacen
6906,,"{'CABAL': 5, 'AZUL': 21, 'VALOR': 44, 'TODOS': 5, 'UNE': 14, 'PODEMOS': 47, 'PIN': 0, 'VAMOS': 29, 'MLP': 4, 'P A N': 1, 'PHG': 2, 'BIEN': 11, 'URNG-MAIZ WINAQ': 5, 'CREO': 4, 'MI FAMILIA': 7, 'FCN-NACION': 1, 'CAMBIO': 8, 'UR': 1}",47,35,291,0,--,Algún campo sin dato,0754,El Progreso,San Agustín Acasaguastlán,parlacen
6907,,"{'CABAL': 1, 'AZUL': 12, 'VALOR': 40, 'TODOS': 6, 'UNE': 17, 'PODEMOS': 53, 'PIN': 4, 'VAMOS': 25, 'MLP': 1, 'P A N': 1, 'PHG': 1, 'BIEN': 7, 'URNG-MAIZ WINAQ': 1, 'CREO': 2, 'MI FAMILIA': 13, 'FCN-NACION': 1, 'CAMBIO': 4, 'UR': 0}",48,28,265,0,--,Algún campo sin dato,0754,El Progreso,San Agustín Acasaguastlán,parlacen
6908,,"{'CABAL': 7, 'AZUL': 26, 'VALOR': 46, 'TODOS': 8, 'UNE': 19, 'PODEMOS': 53, 'PIN': 1, 'VAMOS': 13, 'MLP': 2, 'P A N': 2, 'PHG': 2, 'BIEN': 5, 'URNG-MAIZ WINAQ': 5, 'CREO': 2, 'MI FAMILIA': 5, 'FCN-NACION': 3, 'CAMBIO': 6, 'UR': 1}",29,35,270,0,--,Algún campo sin dato,0754,El Progreso,San Agustín Acasaguastlán,parlacen
6909,,"{'CABAL': 5, 'AZUL': 19, 'VALOR': 52, 'TODOS': 3, 'UNE': 9, 'PODEMOS': 63, 'PIN': 0, 'VAMOS': 21, 'MLP': 1, 'P A N': 1, 'PHG': 1, 'BIEN': 10, 'URNG-MAIZ WINAQ': 7, 'CREO': 2, 'MI FAMILIA': 12, 'FCN-NACION': 1, 'CAMBIO': 10, 'UR': 0}",19,28,264,0,--,Algún campo sin dato,0754,El Progreso,San Agustín Acasaguastlán,parlacen
6910,,"{'CABAL': 6, 'AZUL': 30, 'VALOR': 51, 'TODOS': 9, 'UNE': 13, 'PODEMOS': 70, 'PIN': 3, 'VAMOS': 21, 'MLP': 4, 'P A N': 1, 'PHG': 2, 'BIEN': 4, 'URNG-MAIZ WINAQ': 3, 'CREO': 2, 'MI FAMILIA': 11, 'FCN-NACION': 2, 'CAMBIO': 13, 'UR': 1}",26,13,285,0,--,Algún campo sin dato,0754,El Progreso,San Agustín Acasaguastlán,parlacen
6911,,"{'CABAL': 1, 'AZUL': 13, 'VALOR': 29, 'TODOS': 2, 'UNE': 10, 'PODEMOS': 28, 'PIN': 1, 'VAMOS': 15, 'MLP': 0, 'P A N': 0, 'PHG': 1, 'BIEN': 3, 'URNG-MAIZ WINAQ': 0, 'CREO': 1, 'MI FAMILIA': 3, 'FCN-NACION': 0, 'CAMBIO': 8, 'UR': 1}",17,14,147,0,--,Algún campo sin dato,0754,El Progreso,San Agustín Acasaguastlán,parlacen
6912,,"{'CABAL': 0, 'AZUL': 16, 'VALOR': 36, 'TODOS': 1, 'UNE': 9, 'PODEMOS': 15, 'PIN': 0, 'VAMOS': 7, 'MLP': 2, 'P A N': 1, 'PHG': 1, 'BIEN': 3, 'URNG-MAIZ WINAQ': 0, 'CREO': 1, 'MI FAMILIA': 4, 'FCN-NACION': 0, 'CAMBIO': 4, 'UR': 0}",9,17,126,0,--,Algún campo sin dato,0754,El Progreso,San Agustín Acasaguastlán,parlacen
6913,,"{'CABAL': 3, 'AZUL': 4, 'VALOR': 37, 'TODOS': 9, 'UNE': 33, 'PODEMOS': 9, 'PIN': 5, 'VAMOS': 59, 'MLP': 0, 'P A N': 3, 'PHG': 2, 'BIEN': 1, 'URNG-MAIZ WINAQ': 0, 'CREO': 1, 'MI FAMILIA': 14, 'FCN-NACION': 2, 'CAMBIO': 7, 'UR': 2}",59,60,310,0,--,Algún campo sin dato,0755,El Progreso,San Agustín Acasaguastlán,parlacen
6914,,"{'CABAL': 4, 'AZUL': 2, 'VALOR': 28, 'TODOS': 3, 'UNE': 33, 'PODEMOS': 8, 'PIN': 1, 'VAMOS': 54, 'MLP': 0, 'P A N': 3, 'PHG': 2, 'BIEN': 1, 'URNG-MAIZ WINAQ': 1, 'CREO': 0, 'MI FAMILIA': 8, 'FCN-NACION': 3, 'CAMBIO': 10, 'UR': 2}",64,46,273,0,--,Algún campo sin dato,0755,El Progreso,San Agustín Acasaguastlán,parlacen
6915,,"{'CABAL': 1, 'AZUL': 1, 'VALOR': 39, 'TODOS': 2, 'UNE': 28, 'PODEMOS': 11, 'PIN': 5, 'VAMOS': 49, 'MLP': 0, 'P A N': 5, 'PHG': 0, 'BIEN': 2, 'URNG-MAIZ WINAQ': 4, 'CREO': 1, 'MI FAMILIA': 4, 'FCN-NACION': 1, 'CAMBIO': 8, 'UR': 1}",73,39,274,0,--,Algún campo sin dato,0755,El Progreso,San Agustín Acasaguastlán,parlacen
6916,,"{'CABAL': 4, 'AZUL': 2, 'VALOR': 34, 'TODOS': 3, 'UNE': 24, 'PODEMOS': 12, 'PIN': 2, 'VAMOS': 55, 'MLP': 0, 'P A N': 1, 'PHG': 2, 'BIEN': 1, 'URNG-MAIZ WINAQ': 3, 'CREO': 3, 'MI FAMILIA': 3, 'FCN-NACION': 0, 'CAMBIO': 3, 'UR': 1}",32,33,218,0,--,Algún campo sin dato,0755,El Progreso,San Agustín Acasaguastlán,parlacen
6917,,"{'CABAL': 12, 'AZUL': 8, 'VALOR': 30, 'TODOS': 9, 'UNE': 22, 'PODEMOS': 23, 'PIN': 4, 'VAMOS': 24, 'MLP': 0, 'P A N': 0, 'PHG': 3, 'BIEN': 3, 'URNG-MAIZ WINAQ': 2, 'CREO': 4, 'MI FAMILIA': 11, 'FCN-NACION': 4, 'CAMBIO': 3, 'UR': 1}",19,10,192,13,--,Algún campo sin dato,0756,El Progreso,San Agustín Acasaguastlán,parlacen
6918,,"{'CABAL': 9, 'AZUL': 4, 'VALOR': 40, 'TODOS': 4, 'UNE': 18, 'PODEMOS': 36, 'PIN': 2, 'VAMOS': 25, 'MLP': 0, 'P A N': 1, 'PHG': 1, 'BIEN': 3, 'URNG-MAIZ WINAQ': 2, 'CREO': 0, 'MI FAMILIA': 6, 'FCN-NACION': 1, 'CAMBIO': 4, 'UR': 0}",18,21,195,0,--,Algún campo sin dato,0756,El Progreso,San Agustín Acasaguastlán,parlacen
6919,,"{'CABAL': 3, 'AZUL': 8, 'VALOR': 40, 'TODOS': 1, 'UNE': 10, 'PODEMOS': 30, 'PIN': 0, 'VAMOS': 16, 'MLP': 0, 'P A N': 0, 'PHG': 0, 'BIEN': 10, 'URNG-MAIZ WINAQ': 1, 'CREO': 0, 'MI FAMILIA': 11, 'FCN-NACION': 0, 'CAMBIO': 1, 'UR': 0}",46,17,194,0,--,Algún campo sin dato,0757,El Progreso,San Agustín Acasaguastlán,parlacen
6920,,"{'CABAL': 4, 'AZUL': 9, 'VALOR': 59, 'TODOS': 4, 'UNE': 10, 'PODEMOS': 34, 'PIN': 0, 'VAMOS': 10, 'MLP': 0, 'P A N': 0, 'PHG': 0, 'BIEN': 13, 'URNG-MAIZ WINAQ': 1, 'CREO': 2, 'MI FAMILIA': 3, 'FCN-NACION': 0, 'CAMBIO': 2, 'UR': 1}",40,18,210,0,--,Algún campo sin dato,0757,El Progreso,San Agustín Acasaguastlán,parlacen
6921,,"{'CABAL': 1, 'AZUL': 7, 'VALOR': 51, 'TODOS': 2, 'UNE': 14, 'PODEMOS': 39, 'PIN': 0, 'VAMOS': 82, 'MLP': 1, 'P A N': 3, 'PHG': 0, 'BIEN': 6, 'URNG-MAIZ WINAQ': 1, 'CREO': 1, 'MI FAMILIA': 5, 'FCN-NACION': 0, 'CAMBIO': 12, 'UR': 0}",29,44,298,0,--,Algún campo sin dato,0758,El Progreso,San Agustín Acasaguastlán,parlacen
6922,,"{'CABAL': 2, 'AZUL': 9, 'VALOR': 48, 'TODOS': 3, 'UNE': 8, 'PODEMOS': 49, 'PIN': 3, 'VAMOS': 82, 'MLP': 0, 'P A N': 1, 'PHG': 0, 'BIEN': 7, 'URNG-MAIZ WINAQ': 0, 'CREO': 1, 'MI FAMILIA': 3, 'FCN-NACION': 1, 'CAMBIO': 16, 'UR': 0}",36,36,305,0,--,Algún campo sin dato,0758,El Progreso,San Agustín Acasaguastlán,parlacen
6923,,"{'CABAL': 9, 'AZUL': 9, 'VALOR': 51, 'TODOS': 5, 'UNE': 17, 'PODEMOS': 45, 'PIN': 0, 'VAMOS': 81, 'MLP': 0, 'P A N': 2, 'PHG': 0, 'BIEN': 4, 'URNG-MAIZ WINAQ': 2, 'CREO': 1, 'MI FAMILIA': 1, 'FCN-NACION': 0, 'CAMBIO': 12, 'UR': 0}",28,35,302,0,--,Algún campo sin dato,0758,El Progreso,San Agustín Acasaguastlán,parlacen
6924,,"{'CABAL': 5, 'AZUL': 9, 'VALOR': 53, 'TODOS': 8, 'UNE': 12, 'PODEMOS': 41, 'PIN': 1, 'VAMOS': 71, 'MLP': 0, 'P A N': 0, 'PHG': 0, 'BIEN': 7, 'URNG-MAIZ WINAQ': 1, 'CREO': 2, 'MI FAMILIA': 7, 'FCN-NACION': 0, 'CAMBIO': 10, 'UR': 1}",31,42,301,0,--,Algún campo sin dato,0758,El Progreso,San Agustín Acasaguastlán,parlacen
6925,,"{'CABAL': 5, 'AZUL': 0, 'VALOR': 55, 'TODOS': 9, 'UNE': 14, 'PODEMOS': 28, 'PIN': 0, 'VAMOS': 77, 'MLP': 1, 'P A N': 0, 'PHG': 2, 'BIEN': 5, 'URNG-MAIZ WINAQ': 0, 'CREO': 1, 'MI FAMILIA': 4, 'FCN-NACION': 1, 'CAMBIO': 19, 'UR': 0}",17,44,282,0,--,Sumas Asentadas sin cuadrar,0758,El Progreso,San Agustín Acasaguastlán,parlacen
6926,,"{'CABAL': 2, 'AZUL': 8, 'VALOR': 55, 'TODOS': 6, 'UNE': 9, 'PODEMOS': 41, 'PIN': 1, 'VAMOS': 62, 'MLP': 0, 'P A N': 3, 'PHG': 0, 'BIEN': 3, 'URNG-MAIZ WINAQ': 1, 'CREO': 2, 'MI FAMILIA': 3, 'FCN-NACION': 0, 'CAMBIO': 7, 'UR': 1}",17,11,232,20,--,Algún campo sin dato,0758,El Progreso,San Agustín Acasaguastlán,parlacen
6927,,"{'CABAL': 1, 'AZUL': 6, 'VALOR': 57, 'TODOS': 6, 'UNE': 7, 'PODEMOS': 25, 'PIN': 0, 'VAMOS': 87, 'MLP': 0, 'P A N': 0, 'PHG': 1, 'BIEN': 6, 'URNG-MAIZ WINAQ': 0, 'CREO': 1, 'MI FAMILIA': 2, 'FCN-NACION': 0, 'CAMBIO': 14, 'UR': 2}",39,24,278,0,--,Algún campo sin dato,0758,El Progreso,San Agustín Acasaguastlán,parlacen
6928,,"{'CABAL': 5, 'AZUL': 8, 'VALOR': 62, 'TODOS': 9, 'UNE': 7, 'PODEMOS': 36, 'PIN': 0, 'VAMOS': 74, 'MLP': 0, 'P A N': 1, 'PHG': 1, 'BIEN': 9, 'URNG-MAIZ WINAQ': 1, 'CREO': 4, 'MI FAMILIA': 1, 'FCN-NACION': 1, 'CAMBIO': 4, 'UR': 0}",19,29,271,0,--,Sumas Asentadas sin cuadrar,0758,El Progreso,San Agustín Acasaguastlán,parlacen
6929,,"{'CABAL': 7, 'AZUL': 12, 'VALOR': 42, 'TODOS': 3, 'UNE': 9, 'PODEMOS': 31, 'PIN': 0, 'VAMOS': 83, 'MLP': 0, 'P A N': 2, 'PHG': 2, 'BIEN': 8, 'URNG-MAIZ WINAQ': 1, 'CREO': 1, 'MI FAMILIA': 4, 'FCN-NACION': 0, 'CAMBIO': 15, 'UR': 0}",22,21,263,0,--,Algún campo sin dato,0758,El Progreso,San Agustín Acasaguastlán,parlacen
6930,,"{'CABAL': 2, 'AZUL': 9, 'VALOR': 49, 'TODOS': 4, 'UNE': 8, 'PODEMOS': 34, 'PIN': 0, 'VAMOS': 78, 'MLP': 0, 'P A N': 2, 'PHG': 2, 'BIEN': 9, 'URNG-MAIZ WINAQ': 0, 'CREO': 3, 'MI FAMILIA': 2, 'FCN-NACION': 0, 'CAMBIO': 7, 'UR': 0}",38,30,277,0,--,Algún campo sin dato,0758,El Progreso,San Agustín Acasaguastlán,parlacen
6931,,"{'CABAL': 6, 'AZUL': 7, 'VALOR': 54, 'TODOS': 3, 'UNE': 11, 'PODEMOS': 31, 'PIN': 0, 'VAMOS': 79, 'MLP': 0, 'P A N': 2, 'PHG': 2, 'BIEN': 2, 'URNG-MAIZ WINAQ': 0, 'CREO': 3, 'MI FAMILIA': 3, 'FCN-NACION': 1, 'CAMBIO': 5, 'UR': 0}",35,17,261,10,--,Algún campo sin dato,0758,El Progreso,San Agustín Acasaguastlán,parlacen
6932,,"{'CABAL': 8, 'AZUL': 6, 'VALOR': 59, 'TODOS': 8, 'UNE': 6, 'PODEMOS': 26, 'PIN': 0, 'VAMOS': 75, 'MLP': 0, 'P A N': 3, 'PHG': 2, 'BIEN': 1, 'URNG-MAIZ WINAQ': 0, 'CREO': 2, 'MI FAMILIA': 3, 'FCN-NACION': 0, 'CAMBIO': 6, 'UR': 0}",33,38,276,0,--,Algún campo sin dato,0758,El Progreso,San Agustín Acasaguastlán,parlacen
6933,,"{'CABAL': 4, 'AZUL': 6, 'VALOR': 48, 'TODOS': 4, 'UNE': 9, 'PODEMOS': 34, 'PIN': 1, 'VAMOS': 73, 'MLP': 1, 'P A N': 1, 'PHG': 0, 'BIEN': 7, 'URNG-MAIZ WINAQ': 1, 'CREO': 1, 'MI FAMILIA': 0, 'FCN-NACION': 1, 'CAMBIO': 8, 'UR': 1}",26,22,248,0,--,Algún campo sin dato,0758,El Progreso,San Agustín Acasaguastlán,parlacen
6934,,"{'CABAL': 6, 'AZUL': 4, 'VALOR': 80, 'TODOS': 8, 'UNE': 12, 'PODEMOS': 49, 'PIN': 0, 'VAMOS': 69, 'MLP': 0, 'P A N': 0, 'PHG': 1, 'BIEN': 3, 'URNG-MAIZ WINAQ': 1, 'CREO': 0, 'MI FAMILIA': 3, 'FCN-NACION': 0, 'CAMBIO': 9, 'UR': 0}",14,22,281,0,0,,0758,El Progreso,San Agustín Acasaguastlán,parlacen
6935,,"{'CABAL': 4, 'AZUL': 13, 'VALOR': 60, 'TODOS': 9, 'UNE': 5, 'PODEMOS': 65, 'PIN': 0, 'VAMOS': 78, 'MLP': 1, 'P A N': 1, 'PHG': 0, 'BIEN': 4, 'URNG-MAIZ WINAQ': 2, 'CREO': 1, 'MI FAMILIA': 2, 'FCN-NACION': 1, 'CAMBIO': 8, 'UR': 0}",14,25,293,0,--,Algún campo sin dato,0758,El Progreso,San Agustín Acasaguastlán,parlacen
6936,,"{'CABAL': 6, 'AZUL': 6, 'VALOR': 57, 'TODOS': 8, 'UNE': 7, 'PODEMOS': 29, 'PIN': 0, 'VAMOS': 69, 'MLP': 1, 'P A N': 0, 'PHG': 1, 'BIEN': 5, 'URNG-MAIZ WINAQ': 0, 'CREO': 1, 'MI FAMILIA': 2, 'FCN-NACION': 0, 'CAMBIO': 6, 'UR': 0}",12,25,235,0,--,Sumas Asentadas sin cuadrar,0758,El Progreso,San Agustín Acasaguastlán,parlacen
6937,,"{'CABAL': 1, 'AZUL': 2, 'VALOR': 47, 'TODOS': 3, 'UNE': 7, 'PODEMOS': 31, 'PIN': 1, 'VAMOS': 61, 'MLP': 0, 'P A N': 0, 'PHG': 0, 'BIEN': 5, 'URNG-MAIZ WINAQ': 3, 'CREO': 1, 'MI FAMILIA': 4, 'FCN-NACION': 1, 'CAMBIO': 8, 'UR': 0}",10,13,198,1,--,Algún campo sin dato,0758,El Progreso,San Agustín Acasaguastlán,parlacen
6938,,"{'CABAL': 2, 'AZUL': 8, 'VALOR': 36, 'TODOS': 5, 'UNE': 34, 'PODEMOS': 23, 'PIN': 1, 'VAMOS': 37, 'MLP': 0, 'P A N': 2, 'PHG': 1, 'BIEN': 0, 'URNG-MAIZ WINAQ': 1, 'CREO': 2, 'MI FAMILIA': 4, 'FCN-NACION': 0, 'CAMBIO': 2, 'UR': 1}",57,34,250,0,--,Algún campo sin dato,0759,El Progreso,San Agustín Acasaguastlán,parlacen
6939,,"{'CABAL': 2, 'AZUL': 9, 'VALOR': 31, 'TODOS': 4, 'UNE': 22, 'PODEMOS': 26, 'PIN': 1, 'VAMOS': 26, 'MLP': 0, 'P A N': 0, 'PHG': 1, 'BIEN': 2, 'URNG-MAIZ WINAQ': 1, 'CREO': 1, 'MI FAMILIA': 12, 'FCN-NACION': 0, 'CAMBIO': 3, 'UR': 1}",72,25,239,0,--,Algún campo sin dato,0759,El Progreso,San Agustín Acasaguastlán,parlacen
6940,,"{'CABAL': 4, 'AZUL': 17, 'VALOR': 24, 'TODOS': 5, 'UNE': 34, 'PODEMOS': 22, 'PIN': 1, 'VAMOS': 23, 'MLP': 0, 'P A N': 1, 'PHG': 0, 'BIEN': 4, 'URNG-MAIZ WINAQ': 0, 'CREO': 0, 'MI FAMILIA': 11, 'FCN-NACION': 1, 'CAMBIO': 0, 'UR': 2}",62,26,237,0,--,Algún campo sin dato,0759,El Progreso,San Agustín Acasaguastlán,parlacen
6941,,"{'CABAL': 1, 'AZUL': 15, 'VALOR': 40, 'TODOS': 2, 'UNE': 27, 'PODEMOS': 13, 'PIN': 0, 'VAMOS': 15, 'MLP': 0, 'P A N': 2, 'PHG': 0, 'BIEN': 3, 'URNG-MAIZ WINAQ': 1, 'CREO': 1, 'MI FAMILIA': 5, 'FCN-NACION': 0, 'CAMBIO': 0, 'UR': 0}",71,27,223,0,--,Algún campo sin dato,0760,El Progreso,San Agustín Acasaguastlán,parlacen
6942,,"{'CABAL': 1, 'AZUL': 10, 'VALOR': 34, 'TODOS': 2, 'UNE': 46, 'PODEMOS': 13, 'PIN': 1, 'VAMOS': 34, 'MLP': 0, 'P A N': 1, 'PHG': 2, 'BIEN': 2, 'URNG-MAIZ WINAQ': 0, 'CREO': 2, 'MI FAMILIA': 11, 'FCN-NACION': 1, 'CAMBIO': 4, 'UR': 0}",68,30,262,0,--,Algún campo sin dato,0760,El Progreso,San Agustín Acasaguastlán,parlacen
6943,,"{'CABAL': 2, 'AZUL': 3, 'VALOR': 36, 'TODOS': 5, 'UNE': 40, 'PODEMOS': 13, 'PIN': 0, 'VAMOS': 30, 'MLP': 1, 'P A N': 1, 'PHG': 1, 'BIEN': 2, 'URNG-MAIZ WINAQ': 0, 'CREO': 0, 'MI FAMILIA': 6, 'FCN-NACION': 3, 'CAMBIO': 1, 'UR': 0}",78,23,245,0,--,Algún campo sin dato,0760,El Progreso,San Agustín Acasaguastlán,parlacen
6944,,"{'CABAL': 1, 'AZUL': 6, 'VALOR': 17, 'TODOS': 3, 'UNE': 34, 'PODEMOS': 26, 'PIN': 1, 'VAMOS': 24, 'MLP': 0, 'P A N': 0, 'PHG': 0, 'BIEN': 1, 'URNG-MAIZ WINAQ': 0, 'CREO': 0, 'MI FAMILIA': 9, 'FCN-NACION': 0, 'CAMBIO': 0, 'UR': 0}",59,25,206,0,--,Algún campo sin dato,0760,El Progreso,San Agustín Acasaguastlán,parlacen
6945,,"{'CABAL': 2, 'AZUL': 12, 'VALOR': 19, 'TODOS': 2, 'UNE': 32, 'PODEMOS': 19, 'PIN': 0, 'VAMOS': 18, 'MLP': 1, 'P A N': 1, 'PHG': 0, 'BIEN': 3, 'URNG-MAIZ WINAQ': 2, 'CREO': 2, 'MI FAMILIA': 8, 'FCN-NACION': 0, 'CAMBIO': 2, 'UR': 1}",60,24,208,0,--,Algún campo sin dato,0760,El Progreso,San Agustín Acasaguastlán,parlacen
6946,,"{'CABAL': 2, 'AZUL': 4, 'VALOR': 30, 'TODOS': 4, 'UNE': 31, 'PODEMOS': 17, 'PIN': 1, 'VAMOS': 25, 'MLP': 0, 'P A N': 0, 'PHG': 0, 'BIEN': 3, 'URNG-MAIZ WINAQ': 0, 'CREO': 0, 'MI FAMILIA': 6, 'FCN-NACION': 2, 'CAMBIO': 2, 'UR': 2}",56,26,211,0,--,Algún campo sin dato,0760,El Progreso,San Agustín Acasaguastlán,parlacen
6947,,"{'CABAL': 2, 'AZUL': 6, 'VALOR': 22, 'TODOS': 4, 'UNE': 37, 'PODEMOS': 15, 'PIN': 1, 'VAMOS': 21, 'MLP': 0, 'P A N': 2, 'PHG': 1, 'BIEN': 4, 'URNG-MAIZ WINAQ': 1, 'CREO': 3, 'MI FAMILIA': 4, 'FCN-NACION': 0, 'CAMBIO': 1, 'UR': 0}",52,19,195,0,--,Algún campo sin dato,0760,El Progreso,San Agustín Acasaguastlán,parlacen
6948,,"{'CABAL': 0, 'AZUL': 12, 'VALOR': 24, 'TODOS': 4, 'UNE': 30, 'PODEMOS': 14, 'PIN': 1, 'VAMOS': 19, 'MLP': 0, 'P A N': 5, 'PHG': 1, 'BIEN': 3, 'URNG-MAIZ WINAQ': 0, 'CREO': 0, 'MI FAMILIA': 4, 'FCN-NACION': 2, 'CAMBIO': 2, 'UR': 0}",38,21,180,0,--,Algún campo sin dato,0760,El Progreso,San Agustín Acasaguastlán,parlacen
6949,,"{'CABAL': 2, 'AZUL': 10, 'VALOR': 22, 'TODOS': 6, 'UNE': 22, 'PODEMOS': 18, 'PIN': 0, 'VAMOS': 28, 'MLP': 1, 'P A N': 0, 'PHG': 0, 'BIEN': 3, 'URNG-MAIZ WINAQ': 0, 'CREO': 2, 'MI FAMILIA': 1, 'FCN-NACION': 0, 'CAMBIO': 0, 'UR': 0}",40,20,175,0,--,Algún campo sin dato,0760,El Progreso,San Agustín Acasaguastlán,parlacen
6950,,"{'CABAL': 3, 'AZUL': 6, 'VALOR': 32, 'TODOS': 4, 'UNE': 26, 'PODEMOS': 20, 'PIN': 1, 'VAMOS': 27, 'MLP': 1, 'P A N': 0, 'PHG': 0, 'BIEN': 7, 'URNG-MAIZ WINAQ': 0, 'CREO': 2, 'MI FAMILIA': 3, 'FCN-NACION': 0, 'CAMBIO': 1, 'UR': 0}",31,13,177,0,--,Algún campo sin dato,0760,El Progreso,San Agustín Acasaguastlán,parlacen
6951,,"{'CABAL': 1, 'AZUL': 10, 'VALOR': 22, 'TODOS': 3, 'UNE': 10, 'PODEMOS': 10, 'PIN': 0, 'VAMOS': 23, 'MLP': 1, 'P A N': 0, 'PHG': 0, 'BIEN': 0, 'URNG-MAIZ WINAQ': 2, 'CREO': 0, 'MI FAMILIA': 0, 'FCN-NACION': 0, 'CAMBIO': 2, 'UR': 0}",22,9,115,0,--,Algún campo sin dato,0760,El Progreso,San Agustín Acasaguastlán,parlacen
6952,,"{'CABAL': 1, 'AZUL': 9, 'VALOR': 10, 'TODOS': 0, 'UNE': 16, 'PODEMOS': 9, 'PIN': 0, 'VAMOS': 9, 'MLP': 1, 'P A N': 0, 'PHG': 0, 'BIEN': 1, 'URNG-MAIZ WINAQ': 0, 'CREO': 0, 'MI FAMILIA': 4, 'FCN-NACION': 0, 'CAMBIO': 1, 'UR': 1}",34,8,104,0,--,Algún campo sin dato,0760,El Progreso,San Agustín Acasaguastlán,parlacen
6953,,"{'CABAL': 7, 'AZUL': 4, 'VALOR': 21, 'TODOS': 18, 'UNE': 14, 'PODEMOS': 43, 'PIN': 1, 'VAMOS': 24, 'MLP': 0, 'P A N': 3, 'PHG': 1, 'BIEN': 16, 'URNG-MAIZ WINAQ': 1, 'CREO': 0, 'MI FAMILIA': 11, 'FCN-NACION': 3, 'CAMBIO': 6, 'UR': 0}",31,33,237,0,--,Algún campo sin dato,0761,El Progreso,San Agustín Acasaguastlán,parlacen
6954,,"{'CABAL': 8, 'AZUL': 4, 'VALOR': 19, 'TODOS': 17, 'UNE': 21, 'PODEMOS': 48, 'PIN': 1, 'VAMOS': 28, 'MLP': 0, 'P A N': 1, 'PHG': 2, 'BIEN': 14, 'URNG-MAIZ WINAQ': 1, 'CREO': 4, 'MI FAMILIA': 2, 'FCN-NACION': 0, 'CAMBIO': 3, 'UR': 2}",29,27,231,0,--,Algún campo sin dato,0761,El Progreso,San Agustín Acasaguastlán,parlacen
6955,,"{'CABAL': 9, 'AZUL': 4, 'VALOR': 35, 'TODOS': 9, 'UNE': 11, 'PODEMOS': 49, 'PIN': 0, 'VAMOS': 40, 'MLP': 1, 'P A N': 2, 'PHG': 0, 'BIEN': 15, 'URNG-MAIZ WINAQ': 1, 'CREO': 1, 'MI FAMILIA': 0, 'FCN-NACION': 3, 'CAMBIO': 3, 'UR': 1}",30,36,250,0,--,Algún campo sin dato,0761,El Progreso,San Agustín Acasaguastlán,parlacen
6956,,"{'CABAL': 8, 'AZUL': 4, 'VALOR': 36, 'TODOS': 15, 'UNE': 15, 'PODEMOS': 37, 'PIN': 2, 'VAMOS': 33, 'MLP': 0, 'P A N': 1, 'PHG': 1, 'BIEN': 6, 'URNG-MAIZ WINAQ': 0, 'CREO': 2, 'MI FAMILIA': 3, 'FCN-NACION': 2, 'CAMBIO': 5, 'UR': 1}",33,26,230,0,--,Algún campo sin dato,0761,El Progreso,San Agustín Acasaguastlán,parlacen
6957,,"{'CABAL': 8, 'AZUL': 4, 'VALOR': 28, 'TODOS': 12, 'UNE': 12, 'PODEMOS': 62, 'PIN': 1, 'VAMOS': 31, 'MLP': 0, 'P A N': 1, 'PHG': 0, 'BIEN': 8, 'URNG-MAIZ WINAQ': 1, 'CREO': 1, 'MI FAMILIA': 10, 'FCN-NACION': 2, 'CAMBIO': 3, 'UR': 0}",26,45,255,0,--,Algún campo sin dato,0761,El Progreso,San Agustín Acasaguastlán,parlacen
6958,,"{'CABAL': 2, 'AZUL': 2, 'VALOR': 24, 'TODOS': 20, 'UNE': 4, 'PODEMOS': 54, 'PIN': 0, 'VAMOS': 30, 'MLP': 1, 'P A N': 0, 'PHG': 2, 'BIEN': 11, 'URNG-MAIZ WINAQ': 0, 'CREO': 3, 'MI FAMILIA': 0, 'FCN-NACION': 0, 'CAMBIO': 7, 'UR': 0}",22,14,196,0,--,Algún campo sin dato,0761,El Progreso,San Agustín Acasaguastlán,parlacen
6959,,"{'CABAL': 2, 'AZUL': 8, 'VALOR': 19, 'TODOS': 11, 'UNE': 18, 'PODEMOS': 50, 'PIN': 0, 'VAMOS': 24, 'MLP': 0, 'P A N': 1, 'PHG': 1, 'BIEN': 13, 'URNG-MAIZ WINAQ': 2, 'CREO': 2, 'MI FAMILIA': 4, 'FCN-NACION': 3, 'CAMBIO': 6, 'UR': 1}",27,34,226,0,--,Algún campo sin dato,0761,El Progreso,San Agustín Acasaguastlán,parlacen
6960,,"{'CABAL': 5, 'AZUL': 7, 'VALOR': 28, 'TODOS': 12, 'UNE': 15, 'PODEMOS': 59, 'PIN': 1, 'VAMOS': 24, 'MLP': 0, 'P A N': 2, 'PHG': 0, 'BIEN': 16, 'URNG-MAIZ WINAQ': 1, 'CREO': 3, 'MI FAMILIA': 6, 'FCN-NACION': 4, 'CAMBIO': 4, 'UR': 0}",22,34,243,0,--,Algún campo sin dato,0761,El Progreso,San Agustín Acasaguastlán,parlacen
6961,,"{'CABAL': 2, 'AZUL': 5, 'VALOR': 23, 'TODOS': 13, 'UNE': 17, 'PODEMOS': 58, 'PIN': 1, 'VAMOS': 13, 'MLP': 0, 'P A N': 2, 'PHG': 0, 'BIEN': 14, 'URNG-MAIZ WINAQ': 1, 'CREO': 4, 'MI FAMILIA': 2, 'FCN-NACION': 4, 'CAMBIO': 3, 'UR': 0}",35,24,221,0,--,Algún campo sin dato,0761,El Progreso,San Agustín Acasaguastlán,parlacen
6962,,"{'CABAL': 1, 'AZUL': 1, 'VALOR': 20, 'TODOS': 12, 'UNE': 13, 'PODEMOS': 30, 'PIN': 1, 'VAMOS': 27, 'MLP': 0, 'P A N': 2, 'PHG': 1, 'BIEN': 13, 'URNG-MAIZ WINAQ': 0, 'CREO': 2, 'MI FAMILIA': 2, 'FCN-NACION': 2, 'CAMBIO': 4, 'UR': 1}",23,32,187,0,--,Algún campo sin dato,0761,El Progreso,San Agustín Acasaguastlán,parlacen
6963,,"{'CABAL': 4, 'AZUL': 4, 'VALOR': 13, 'TODOS': 18, 'UNE': 8, 'PODEMOS': 41, 'PIN': 0, 'VAMOS': 20, 'MLP': 0, 'P A N': 0, 'PHG': 1, 'BIEN': 19, 'URNG-MAIZ WINAQ': 3, 'CREO': 0, 'MI FAMILIA': 4, 'FCN-NACION': 2, 'CAMBIO': 6, 'UR': 0}",12,33,188,0,--,Algún campo sin dato,0761,El Progreso,San Agustín Acasaguastlán,parlacen
6964,,"{'CABAL': 5, 'AZUL': 4, 'VALOR': 25, 'TODOS': 18, 'UNE': 19, 'PODEMOS': 67, 'PIN': 0, 'VAMOS': 24, 'MLP': 0, 'P A N': 1, 'PHG': 3, 'BIEN': 13, 'URNG-MAIZ WINAQ': 0, 'CREO': 2, 'MI FAMILIA': 2, 'FCN-NACION': 1, 'CAMBIO': 8, 'UR': 0}",14,14,220,0,--,Algún campo sin dato,0761,El Progreso,San Agustín Acasaguastlán,parlacen
6965,,"{'CABAL': 3, 'AZUL': 3, 'VALOR': 12, 'TODOS': 13, 'UNE': 2, 'PODEMOS': 31, 'PIN': 0, 'VAMOS': 17, 'MLP': 0, 'P A N': 0, 'PHG': 0, 'BIEN': 11, 'URNG-MAIZ WINAQ': 0, 'CREO': 0, 'MI FAMILIA': 2, 'FCN-NACION': 0, 'CAMBIO': 2, 'UR': 0}",18,9,123,0,--,Algún campo sin dato,0761,El Progreso,San Agustín Acasaguastlán,parlacen
6966,,"{'CABAL': 3, 'AZUL': 1, 'VALOR': 11, 'TODOS': 6, 'UNE': 2, 'PODEMOS': 32, 'PIN': 0, 'VAMOS': 18, 'MLP': 0, 'P A N': 2, 'PHG': 0, 'BIEN': 9, 'URNG-MAIZ WINAQ': 1, 'CREO': 1, 'MI FAMILIA': 1, 'FCN-NACION': 0, 'CAMBIO': 1, 'UR': 0}",9,4,101,0,--,Algún campo sin dato,0761,El Progreso,San Agustín Acasaguastlán,parlacen
6967,,"{'CABAL': 3, 'AZUL': 8, 'VALOR': 26, 'TODOS': 7, 'UNE': 14, 'PODEMOS': 21, 'PIN': 0, 'VAMOS': 26, 'MLP': 2, 'P A N': 3, 'PHG': 1, 'BIEN': 3, 'URNG-MAIZ WINAQ': 2, 'CREO': 1, 'MI FAMILIA': 7, 'FCN-NACION': 3, 'CAMBIO': 3, 'UR': 1}",26,33,190,0,--,Algún campo sin dato,0762,El Progreso,San Agustín Acasaguastlán,parlacen
6968,,"{'CABAL': 1, 'AZUL': 6, 'VALOR': 13, 'TODOS': 1, 'UNE': 7, 'PODEMOS': 12, 'PIN': 2, 'VAMOS': 4, 'MLP': 0, 'P A N': 0, 'PHG': 0, 'BIEN': 1, 'URNG-MAIZ WINAQ': 0, 'CREO': 2, 'MI FAMILIA': 1, 'FCN-NACION': 1, 'CAMBIO': 3, 'UR': 0}",17,8,79,0,--,Algún campo sin dato,0762,El Progreso,San Agustín Acasaguastlán,parlacen
6969,,"{'CABAL': 0, 'AZUL': 1, 'VALOR': 5, 'TODOS': 0, 'UNE': 2, 'PODEMOS': 7, 'PIN': 0, 'VAMOS': 4, 'MLP': 0, 'P A N': 0, 'PHG': 0, 'BIEN': 1, 'URNG-MAIZ WINAQ': 0, 'CREO': 2, 'MI FAMILIA': 6, 'FCN-NACION': 1, 'CAMBIO': 0, 'UR': 1}",2,2,34,0,--,Algún campo sin dato,0762,El Progreso,San Agustín Acasaguastlán,parlacen
